{
	"album": [
		{
			"id": 1,
			"title": "Shershaah",
			"artist": "Jubin Nautiyal",
			"cover": "https://a10.gaanacdn.com/gn_img/albums/10q3Zj1352/q3ZR6q4035/size_l_1629048201.webp",
			"genre": "Soul music",
			"year": "2021",
			"img": "https://a10.gaanacdn.com/gn_img/artists/10q3ZR1352/0q3Z6Lg135/size_m_1638777310.webp"
		},
		{
			"id": 2,
			"title": "Satyameva Jayate 2",
			"artist": "Dev Negi",
			"cover": "https://a10.gaanacdn.com/gn_img/albums/R7vKX66Wmr/vKX67RxgWm/size_l_1637650771.webp",
			"genre": "Rock",
			"year": "2022",
			"img": "https://a10.gaanacdn.com/gn_img/artists/10q3Zj1352/0q3Zw2ZQW5/size_m_1618501252.webp"
		},
		{
			"id": 3,
			"title": "Sooryavanshi ",
			"artist": "Pritam",
			"cover": "https://a10.gaanacdn.com/gn_img/albums/Bp1bAnK029/1bAya7rAb0/size_l_1636175838.webp",
			"genre": "Pop music",
			"year": "2021",
			"img": "https://a10.gaanacdn.com/gn_img/artists/zLp36PvbrG/Lp36AR0KrG/size_m_1516707336.webp"
		},
		{
			"id": 4,
			"title": "Jersey",
			"artist": "Sachet Tandon",
			"cover": "https://a10.gaanacdn.com/gn_img/albums/4Z9bqo3yQn/9bqgBDP13y/size_l_1640343731.webp",
			"genre": "Soul music",
			"year": "2022",
			"img": "https://a10.gaanacdn.com/gn_img/artists/10q3Z1K52r/0q3Z5LloK5/size_m.jpg"
		},
		{
			"id": 5,
			"title": "BellBottom",
			"artist": "Zara Khan",
			"cover": "https://a10.gaanacdn.com/gn_img/albums/lJvKa56KDV/vKa1meQnKD/size_l_1630427115.webp",
			"genre": "Disco",
			"year": "2020",
			"img": "https://a10.gaanacdn.com/gn_img/artists/9En3pqeWXD/En3pYmXkWX/size_m_1593668012.webp"
		},
		{
			"id": 6,
			"title": "Baarish Ban Jaana",
			"artist": "Payal Dev",
			"cover": "https://a10.gaanacdn.com/gn_img/albums/ogNWkLDbmX/NWkLm5Vkbm/size_l.webp",
			"genre": "Soul music",
			"year": "2020",
			"img": "https://a10.gaanacdn.com/gn_img/artists/P7m3GNKqxo/7m3Gv4ZGKq/size_m_1595159332.webp"
		},
		{
			"id": 7,
			"title": "Pushpa The Rise Part - 01",
			"artist": "Javed Ali",
			"cover": "https://c.saavncdn.com/460/Pushpa-The-Rise-Part-01-Hindi-2021-20211216071001-500x500.jpg",
			"genre": "Soul music",
			"year": "2022",
			"img": "https://a10.gaanacdn.com/gn_img/artists/a7LWBaz3zX/a7LWBaz3zX/size_m_1568898541.webp"
		},
		{
			"id": 8,
			"title": "Jugnu",
			"artist": "Badhshah",
			"cover": "https://c.saavncdn.com/272/Jugnu-Hindi-2021-20211024110230-500x500.jpg",
			"genre": "Rock",
			"year": "2021",
			"img": "https://a10.gaanacdn.com/gn_img/artists/9MAWe7KyJe/MAWe9lBGWy/size_m_1516185303.webp"
		},
		{
			"id": 9,
			"title": "Justin",
			"artist": "justin bieber",
			"cover": "https://c.saavncdn.com/552/Justin-Bieber-English-2020-20201209080819-500x500.jpg",
			"genre": "Pop music",
			"year": "2019",
			"img": "https://a10.gaanacdn.com/gn_img/artists/a7LWBzWzXA/7LWBLgNKzX/size_m_1631801811.webp"
		},
		{
			"id": 10,
			"title": "Love Aaj Kal",
			"artist": "Arijit Singh",
			"cover": "https://a10.gaanacdn.com/gn_img/albums/D0PKLrWGl9/0PKLDnzwKG/size_l_1581694054.webp",
			"genre": "Soul music",
			"year": "2018",
			"img": "https://a10.gaanacdn.com/gn_img/artists/Dk9KNk23Bx/k9KNqJJbBx/size_m_1638898900.webp"
		},
		{
			"id": 11,
			"title": "Mujhe Peene Do",
			"artist": "Darshan Raval",
			"cover": "https://a10.gaanacdn.com/gn_img/albums/kGxbn03y4r/Gxbn22raby/size_l.webp",
			"genre": "Soul music",
			"year": "2019",
			"img": "https://a10.gaanacdn.com/gn_img/artists/zLp36v3rGe/Lp36BL5v3r/size_m_1638816238.webp"
		},
		{
			"id": 12,
			"title": "The Carnival",
			"artist": "King",
			"cover": "https://a10.gaanacdn.com/gn_img/albums/w4MKPDOKoj/4MKP774obo/size_l.webp",
			"genre": "Rock",
			"year": "2017",
			"img": "https://a10.gaanacdn.com/gn_img/artists/ZaP37RKDy7/aP37yaxbDy/size_m_1628584503.webp"
		},
		{
			"id": 13,
			"title": "Kamaal Ho Gea",
			"artist": "Satinder Sartaaj",
			"cover": "https://a10.gaanacdn.com/gn_img/albums/10q3Zj1352/q3ZRQpaX35/size_l.jpg",
			"genre": "Soul music",
			"year": "2020",
			"img": "https://a10.gaanacdn.com/gn_img/artists/10q3Z1K52r/0q3ZwQ71W5/size_m_1516784036.webp"
		},
		{
			"id": 14,
			"title": "Chhalaang",
			"artist": "Sweetaj Brar",
			"cover": "https://a10.gaanacdn.com/gn_img/albums/4Z9bqgo3yQ/Z9bq2PnDKy/size_l_1605007884.webp",
			"genre": "Classical",
			"year": "2019",
			"img": "https://a10.gaanacdn.com/gn_img/artists/XYybzNrb2g/Yybz4Rql32/size_m.jpg"
		},
		{
			"id": 15,
			"title": "Shiddat",
			"artist": "Manan",
			"cover": "https://a10.gaanacdn.com/gn_img/albums/w4MKPObojg/MKPgJXMxbo/size_l_1632296599.webp",
			"genre": "Rock",
			"year": "2017",
			"img": "https://a10.gaanacdn.com/gn_img/artists/R7vKXr6Wmr/7vKXDYZQKm/size_m.jpg"
		},
		{
			"id": 16,
			"title": "Phoonk Le",
			"artist": "Nikhita Gandhi",
			"cover": "https://a10.gaanacdn.com/gn_img/albums/0wrb4kNWLg/rb4q2pAaKL/size_l.jpg",
			"genre": "Soul music",
			"year": "2020",
			"img": "https://a10.gaanacdn.com/gn_img/artists/zLp36v3rGe/Lp36JXqE3r/size_m_1597832405.webp"
		},
		{
			"id": 17,
			"title": "Keh Len De",
			"artist": "Kaka",
			"cover": "https://a10.gaanacdn.com/gn_img/albums/a7LWBzWzXA/7LWBRB54Wz/size_l_1605612552.webp",
			"genre": "Classical",
			"year": "2016",
			"img": "https://a10.gaanacdn.com/gn_img/artists/jBr3gybR1m/Br3gLnglWR/size_m_1638637013.webp"
		},
		{
			"id": 18,
			"title": "Paani Paani",
			"artist": "Badshah",
			"cover": "https://a10.gaanacdn.com/gn_img/albums/DwPKOkBKqV/PKOxQe503q/size_l_1622784272.webp",
			"genre": "Rock",
			"year": "2015",
			"img": "https://a10.gaanacdn.com/gn_img/artists/9MAWe7KyJe/MAWe9lBGWy/size_m_1516185303.webp"
		},
		{
			"id": 19,
			"title": "Baarish Ki Jaaye",
			"artist": "B Praak",
			"cover": "https://a10.gaanacdn.com/gn_img/albums/21GWwrR3pk/GWwrkM6z3p/size_l_1619031569.webp",
			"genre": "Classical",
			"year": "2016",
			"img": "https://a10.gaanacdn.com/gn_img/artists/6Zxb2r7b9w/Zxb2xp0w39/size_m.jpg"
		},
		{
			"id": 20,
			"title": "Aashiqui 2",
			"artist": "Arijit Singh",
			"cover": "https://a10.gaanacdn.com/gn_img/albums/d41WjnWPLq/41Wjz1LOWP/size_l.webp",
			"genre": "Soul music",
			"year": "2018",
			"img": "https://a10.gaanacdn.com/gn_img/artists/Dk9KNk23Bx/k9KNqJJbBx/size_m_1638898900.webp"
		},
		{
			"id": 21,
			"title": "Lover",
			"artist": "Taylor Swift",
			"cover": "https://a10.gaanacdn.com/gn_img/albums/oAJbDElKnL/AJbDB2p03n/size_l.webp",
			"genre": "Soul music",
			"year": "2015",
			"img": "https://a10.gaanacdn.com/gn_img/artists/6Zxb2r7b9w/Zxb2paJ39w/size_m_1631802583.webp"
		},
		{
			"id": 22,
			"title": "Mohabbat Hai",
			"artist": "Jeet Gannguli",
			"cover": "https://a10.gaanacdn.com/gn_img/albums/R7vKX66Wmr/vKX6oez6Wm/size_l.jpg",
			"genre": "Rock",
			"year": "2018",
			"img": "https://a10.gaanacdn.com/gn_img/artists/0wrb4kNWLg/wrb4qBGAKL/size_m_1516269044.webp"
		},
		{
			"id": 23,
			"title": "Excuses",
			"artist": "AP Dhillon",
			"cover": "https://a10.gaanacdn.com/gn_img/albums/10q3Z1K52r/q3ZRZg2035/size_l.jpg",
			"genre": "Pop music",
			"year": "2016",
			"img": "https://a10.gaanacdn.com/gn_img/artists/4Z9bqgo3yQ/Z9bqy8ZDby/size_m.jpg"
		},
		{
			"id": 24,
			"title": "Panghat",
			"artist": "Kanika Kapoor",
			"cover": "https://a10.gaanacdn.com/gn_img/albums/JD2KJAbOLw/2KJypVPmbO/size_l_1640599374.webp",
			"genre": "Pop music",
			"year": "2021",
			"img": "https://a10.gaanacdn.com/gn_img/artists/BZgWoOW2d9/ZgWozZDv32/size_m_1537797161.webp"
		}
	],
	"songs": [
		{
			"id": 1,
			"artist": "Jubin Nautiyal",
			"song1": "Raataan Lambiyan",
			"is1": "https://a10.gaanacdn.com/gn_img/song/lJvKa56KDV/vKa91Z1RKD/size_m_1628085090.webp",
			"song2": "Taaron Ke Shehar",
			"is2": "https://a10.gaanacdn.com/gn_img/albums/0wrb4kNWLg/wrb476lyWL/size_m.webp",
			"song3": "Meri Zindagi Hai Tu",
			"is3": "https://a10.gaanacdn.com/gn_img/song/jBr3gybR1m/r3gwPDpd3R/size_m_1635393821.webp",
			"song4": "Lut Gaye",
			"is4": "https://a10.gaanacdn.com/gn_img/albums/a7LWBkzbzX/LWBkkJpRbz/size_m.webp"
		},
		{
			"id": 2,
			"artist": "Dev Negi",
			"song1": "Kusu Kusu",
			"is1": "https://a10.gaanacdn.com/gn_img/song/z8k3yd1Krx/k3yX6dxMKr/size_m_1636521846.webp",
			"song2": "Teri Bhabhi",
			"is2": "https://a10.gaanacdn.com/gn_img/song/g4w3vwrWjJ/w3veYRBPKj/size_m_1608035993.webp",
			"song3": "Deedar De",
			"is3": "https://a10.gaanacdn.com/gn_img/song/w4MKPObojg/MKPwVznjbo/size_m_1604990025.webp",
			"song4": "Sweety Tera Drama",
			"is4": "https://a10.gaanacdn.com/gn_img/song/mGjKr1b6zX/jKrw5J7J36/size_m_1516002451.webp"
		}
	]
}
